{"_runtime":4,"_step":9,"val_precision":0.7152317880794702,"val_auc":0.8408162432404858,"val_f1":0.4821428571428571,"val_recall":0.36363636363636365,"_wandb":{"runtime":4},"val_loss":0.42655482882909385,"train_accuracy":0.8009362460989746,"_timestamp":1.780727904383037e+09,"val_accuracy":0.7932263814616756,"train_loss":0.4302827933910326}