{"train_accuracy":80,"_runtime":0,"_wandb":{"runtime":0},"val_accuracy":71,"_timestamp":1.779273323956041e+09,"_step":99,"train_loss":0.39824674651026726}