{"_timestamp":1.7807265359581685e+09,"val_precision":0.6587677725118484,"val_f1":0.547244094488189,"val_accuracy":0.7950089126559715,"_wandb":{"runtime":1},"val_recall":0.468013468013468,"_runtime":1,"val_auc":0.8380287725742271,"_step":9,"train_loss":0.4309607116282119,"val_loss":0.4294048162067638,"train_accuracy":0.8020508247882301}