{"_timestamp":1.7792733397973533e+09,"_step":99,"_wandb":{"runtime":2},"_runtime":2,"train_loss":0.40889101643716136,"train_accuracy":83,"val_accuracy":69}