{"_runtime":2,"_timestamp":1.780685727452532e+09,"_step":4,"val_accuracy":0.7967914438502673,"train_accuracy":0.806732055283103,"val_loss":0.4228793072403009,"val_recall":0.5454545454545454,"_wandb":{"runtime":2},"train_loss":0.4168254133850349,"val_precision":0.6352941176470588,"val_auc":0.8403469033772064,"val_f1":0.5869565217391304}