{"_step":99,"train_loss":0.4150044312700629,"train_accuracy":81,"val_accuracy":70,"_timestamp":1.7792720248663158e+09,"_wandb":{"runtime":3},"_runtime":3}