{"train_accuracy":65,"val_accuracy":65,"_timestamp":1.7792733082193682e+09,"_step":99,"_wandb":{"runtime":0},"_runtime":0,"train_loss":0.6587036997079849}