{"_wandb":{"runtime":0},"val_auc":0.8459136822773187,"val_recall":0.49158249158249157,"val_accuracy":0.803030303030303,"_runtime":0,"val_loss":0.4169550067388225,"_timestamp":1.7806794265382452e+09,"val_f1":0.5692007797270956,"_step":2,"train_accuracy":0.8040570664288899,"val_precision":0.6759259259259259,"train_loss":0.41609777806462106}