{"_wandb":{"runtime":1},"_step":4,"val_precision":0.6434108527131783,"train_accuracy":0.8031654034774856,"val_f1":0.5981981981981982,"val_auc":0.8428119579634732,"_timestamp":1.7807230564710596e+09,"val_loss":0.4224194681368197,"_runtime":1,"train_loss":0.4210727438031697,"val_accuracy":0.8012477718360071,"val_recall":0.5589225589225589}