{"val_loss":0.42395645688136846,"val_f1":0.570902394106814,"val_accuracy":0.7923351158645277,"val_recall":0.5218855218855218,"train_accuracy":0.7980383415069104,"_timestamp":1.7810044540849667e+09,"_wandb":{"runtime":2},"_runtime":2,"val_auc":0.8401101928374656,"val_precision":0.6300813008130082,"_step":14,"train_loss":0.4289615559514165}