{"val_auc":0.8449668401183552,"train_accuracy":0.8036112349531876,"val_loss":0.41839613379004165,"val_f1":0.5772811918063315,"train_loss":0.42361560348310057,"_timestamp":1.78068088314832e+09,"_wandb":{"runtime":0},"val_accuracy":0.7976827094474154,"_step":2,"_runtime":0,"val_precision":0.6458333333333334,"val_recall":0.5218855218855218}