{"val_accuracy":0.8021390374331551,"_wandb":{"runtime":4},"_step":9,"val_auc":0.8454157739006224,"train_accuracy":0.8089612126616139,"val_loss":0.4186113433191908,"val_f1":0.6132404181184669,"val_precision":0.6353790613718412,"_timestamp":1.7807265232466357e+09,"_runtime":4,"val_recall":0.5925925925925926,"train_loss":0.41308630020343134}