{"val_auc":0.8435220895826957,"val_recall":0.5286195286195287,"val_accuracy":0.7959001782531194,"_timestamp":1.781004772660506e+09,"_wandb":{"runtime":3},"_step":14,"val_f1":0.5782688766114181,"train_loss":0.4170043323117604,"val_loss":0.4191840345209295,"val_precision":0.6382113821138211,"_runtime":3,"train_accuracy":0.8038341506910388}