{"train_accuracy":0.8033883192153366,"val_loss":0.41841112844871753,"val_recall":0.5218855218855218,"val_f1":0.575139146567718,"_timestamp":1.7806797039077067e+09,"_wandb":{"runtime":0},"val_accuracy":0.7959001782531194,"val_precision":0.640495867768595,"_runtime":0,"val_auc":0.844983164983165,"train_loss":0.4236936454681536,"_step":2}