{"_wandb":{"runtime":1},"train_accuracy":0.7964779313419528,"val_precision":0.7065868263473054,"train_loss":0.43044478822594184,"val_recall":0.39730639730639733,"_runtime":1,"val_loss":0.4204140393172993,"val_auc":0.8435914702581369,"val_accuracy":0.7967914438502673,"val_f1":0.5086206896551725,"_timestamp":1.7807244339764454e+09,"_step":9}