{"_wandb":{"runtime":4},"_step":9,"val_auc":0.8432445668809305,"val_loss":0.41968812003280176,"val_f1":0.6032315978456014,"train_accuracy":0.8109674543022738,"_runtime":4,"val_accuracy":0.803030303030303,"_timestamp":1.7807245941003938e+09,"train_loss":0.4123735934615507,"val_precision":0.6461538461538462,"val_recall":0.5656565656565656}