{"val_loss":0.425533178655859,"_runtime":2,"_timestamp":1.7806856648900704e+09,"val_f1":0.5468451242829827,"_step":4,"val_accuracy":0.7887700534759359,"train_accuracy":0.7940258582255907,"_wandb":{"runtime":2},"val_recall":0.48148148148148145,"val_auc":0.8398694010815223,"train_loss":0.44277560543493133,"val_precision":0.6327433628318584}