{"val_precision":0.6681222707423581,"_wandb":{"runtime":4},"val_accuracy":0.803921568627451,"val_loss":0.41820677652716,"val_f1":0.5817490494296578,"val_auc":0.8440567289052138,"train_loss":0.4047996920769734,"_runtime":4,"_timestamp":1.781004461747829e+09,"val_recall":0.5151515151515151,"_step":19,"train_accuracy":0.8120820329915293}