{"val_auc":0.8425140291806958,"_runtime":2,"val_f1":0.5450901803607214,"train_accuracy":0.8031654034774856,"val_accuracy":0.7976827094474154,"train_loss":0.42053461675393067,"val_loss":0.4207105829966472,"_step":9,"val_recall":0.45791245791245794,"val_precision":0.6732673267326733,"_timestamp":1.780724576110634e+09,"_wandb":{"runtime":2}}