{"_timestamp":1.7792732439994721e+09,"_step":99,"_wandb":{"runtime":1},"_runtime":1,"train_loss":0.5784183945506811,"train_accuracy":65,"val_accuracy":65}