{"_timestamp":1.7792727211236186e+09,"_step":99,"_wandb":{"runtime":3},"_runtime":3,"train_loss":0.5775716044008732,"train_accuracy":71,"val_accuracy":71}