{"train_loss":0.40641725544006596,"train_accuracy":81,"_runtime":2,"_wandb":{"runtime":2},"val_accuracy":72,"_timestamp":1.7792733574810152e+09,"_step":99}