{"_runtime":1,"_step":99,"train_loss":0.34462168626487255,"train_accuracy":86,"val_accuracy":69,"_timestamp":1.7792711376187148e+09,"_wandb":{"runtime":1}}