{"train_accuracy":0.7904592064199732,"val_recall":0.48484848484848486,"val_f1":0.5636007827788649,"train_loss":0.4352130758220258,"val_loss":0.431749226362735,"_runtime":2,"val_auc":0.8406529945923886,"val_precision":0.6728971962616822,"_step":4,"val_accuracy":0.8012477718360071,"_timestamp":1.7806857693822713e+09,"_wandb":{"runtime":2}}