{"val_loss":0.41841112844871753,"train_loss":0.4236936454681536,"val_auc":0.844983164983165,"_wandb":{"runtime":0},"val_accuracy":0.7959001782531194,"_runtime":0,"_step":2,"val_recall":0.5218855218855218,"val_f1":0.575139146567718,"val_precision":0.640495867768595,"_timestamp":1.780679590645542e+09,"train_accuracy":0.8033883192153366}