{"val_accuracy":0.7950089126559715,"_runtime":1,"val_recall":0.5286195286195287,"train_accuracy":0.8018279090503789,"val_auc":0.8413141516171819,"val_f1":0.5772058823529412,"val_precision":0.6356275303643725,"_timestamp":1.7807244276495383e+09,"val_loss":0.4220665785718092,"_step":9,"_wandb":{"runtime":1},"train_loss":0.4238712795068789}