{"_runtime":1,"_wandb":{"runtime":1},"_timestamp":1.7792733696122072e+09,"_step":99,"train_loss":0.33652932569384575,"train_accuracy":87,"val_accuracy":67}