{"val_accuracy":0.8057040998217468,"_step":9,"val_precision":0.670995670995671,"train_accuracy":0.8089612126616139,"_wandb":{"runtime":2},"_runtime":2,"val_recall":0.5218855218855218,"val_loss":0.41941629884077264,"_timestamp":1.78072453433519e+09,"train_loss":0.4046574320529541,"val_f1":0.5871212121212122,"val_auc":0.845297418630752}