{"val_accuracy":0.7976827094474154,"val_loss":0.4192879992585344,"_wandb":{"runtime":3},"_runtime":3,"val_auc":0.8431670237730843,"train_accuracy":0.8040570664288899,"_step":4,"val_f1":0.5924596050269301,"val_recall":0.5555555555555556,"val_precision":0.6346153846153846,"_timestamp":1.780723041820854e+09,"train_loss":0.41661481175952014}