{"train_loss":0.4147256675491469,"val_f1":0.6252045826513911,"val_recall":0.6430976430976431,"_step":4,"val_auc":0.8433221099887765,"_runtime":0,"_timestamp":1.7806857202398846e+09,"val_loss":0.4271992363713004,"_wandb":{"runtime":0},"val_accuracy":0.7959001782531194,"train_accuracy":0.8060633080695497,"val_precision":0.60828025477707}