{"train_loss":0.4321093379893156,"_wandb":{"runtime":2},"val_accuracy":0.7941176470588235,"val_f1":0.5566218809980807,"val_precision":0.6473214285714286,"_step":9,"val_loss":0.4242595563810352,"train_accuracy":0.8056174765938475,"_runtime":2,"val_auc":0.8396082032445669,"val_recall":0.4882154882154882,"_timestamp":1.7810044046972687e+09}