{"val_auc":0.844983164983165,"_step":2,"train_loss":0.4236936454681536,"_runtime":2,"val_f1":0.575139146567718,"train_accuracy":0.8033883192153366,"val_accuracy":0.7959001782531194,"_timestamp":1.780679314206774e+09,"val_loss":0.41841112844871753,"val_recall":0.5218855218855218,"val_precision":0.640495867768595,"_wandb":{"runtime":2}}