{"_wandb":{"runtime":0},"val_recall":0,"_timestamp":1.7807276065073442e+09,"train_loss":0.532741410892774,"val_accuracy":0.7352941176470589,"_runtime":0,"val_f1":0,"val_auc":0.8293684317926742,"val_precision":0,"train_accuracy":0.7349531876950512,"val_loss":0.48814094948471126,"_step":1}