{"_step":99,"train_loss":0.3927743434906006,"train_accuracy":82,"_wandb":{"runtime":2},"_runtime":2,"val_accuracy":70,"_timestamp":1.7792720412449603e+09}