{"_runtime":8,"val_loss":0.4171716852409104,"val_recall":0.5420875420875421,"train_loss":0.41174865625981394,"val_auc":0.8449586776859503,"val_accuracy":0.8057040998217468,"_timestamp":1.7810043511334512e+09,"_wandb":{"runtime":8},"_step":24,"train_accuracy":0.8071778867588052,"val_precision":0.6625514403292181,"val_f1":0.5962962962962963}