{"_timestamp":1.7806856001270869e+09,"val_recall":0.07407407407407407,"val_f1":0.13580246913580246,"_step":4,"train_accuracy":0.7445385644226482,"_wandb":{"runtime":2},"train_loss":0.49146181368902225,"val_precision":0.8148148148148148,"val_auc":0.8351964085297419,"val_loss":0.46601409028133184,"val_accuracy":0.750445632798574,"_runtime":2}